<application>
  <component name="AndroidLogcatFilterHistory">
    <option name="mostRecentlyUsed" value="package:com.feernandooff.chronoguides.debug " />
    <option name="nonFavorites">
      <list>
        <option value="package:com.feernandooff.chronoguides.debug " />
        <option value="package:com.feernandooff.chronoguides.debug &gt;&gt;" />
        <option value="package:mine" />
        <option value="package:mine " />
        <option value="package:mine &gt;&gt;" />
        <option value="package:min" />
        <option value="package:mine OAuth" />
        <option value="package:ie.yuno" />
        <option value="yuno" />
        <option value="package:com.feernandooff.chronoguides" />
        <option value="package:com.feernandooff.chronoguides &gt;&gt;" />
        <option value="package:com.calor.calordirect.debug " />
        <option value="package:com" />
        <option value="package:com.tapadoo.tappstore" />
        <option value="Downloading" />
        <option value="package:com.tapadoo.tappstore.android" />
        <option value="package:com.tapadoo.interactivescene" />
        <option value="package:" />
        <option value="package:com.feernandooff.chronoguides " />
        <option value="package:com.feernandooff.chronoguides &gt;&gt;&gt;" />
      </list>
    </option>
  </component>
</application>