<application>
  <component name="FileTypeManager" version="19">
    <extensionMap>
      <mapping pattern="profileInstalled" type="AUTO_DETECTED" />
      <mapping ext="swift-format" type="JSON" />
      <mapping ext="preferences_pb" type="PLAIN_TEXT" />
      <mapping ext="xcscheme" type="XML" />
      <mapping ext="gpx" type="XML" />
      <removed_mapping ext="apk" approved="true" type="ARCHIVE" />
      <removed_mapping ext="conf" approved="true" type="KConfig" />
      <removed_mapping ext="psd" approved="true" type="Image" />
    </extensionMap>
  </component>
</application>