<application>
  <component name="GeneralSettings">
    <option name="showTipsOnStartup" value="false" />
    <option name="confirmOpenNewProject2" value="-1" />
  </component>
  <component name="Registry">
    <entry key="ide.experimental.ui" value="true" source="SYSTEM" />
    <entry key="eslint.additional.file.extensions" value="svelte" source="SYSTEM" />
    <entry key="moved.to.new.ui" value="true" source="SYSTEM" />
    <entry key="jvm.dfa.analysis.ui.security.analysis.window.was.shown" value="true" source="SYSTEM" />
    <entry key="terminal.new.ui.reworked" value="true" source="SYSTEM" />
    <entry key="enable.connection.configuration.widget" value="false" source="SYSTEM" />
  </component>
</application>