<application>
  <component name="MaterialThemeConfig">
    <option name="isWizardShown" value="true" />
    <option name="pristineConfig" value="false" />
    <option name="treeFontSizeEnabled" value="true" />
    <option name="tabFontSizeEnabled" value="true" />
    <option name="accentColor" value="f92aad" />
    <option name="selectedTheme" value="SYNTHWAVE" />
    <option name="userId" value="-5d5445bd:18b6ba25fb8:-8000" />
    <option name="version" value="8.12.6" />
    <option name="tabFont" value="Fira Code" />
  </component>
</application>