<application>
  <component name="NodeJsLocalInterpreterManager">
    <local-interpreter path="/opt/homebrew/bin/deno">
      <version-cache last-modified="0" />
    </local-interpreter>
    <local-interpreter path="/opt/homebrew/bin/node">
      <version-cache version="23.6.0" last-modified="1737391723634" />
    </local-interpreter>
    <local-interpreter path="$USER_HOME$/.asdf/shims/node">
      <version-cache version="22.8.0" last-modified="1744988573123" />
    </local-interpreter>
  </component>
</application>