<application>
  <component name="ProjectManager">
    <defaultProject>
      <component name="ProjectViewState">
        <option name="hideEmptyMiddlePackages" value="true" />
        <option name="showExcludedFiles" value="false" />
        <option name="showLibraryContents" value="true" />
        <option name="showScratchesAndConsoles" value="false" />
        <option name="showVisibilityIcons" value="true" />
      </component>
      <component name="PropertiesComponent">{}</component>
      <component name="WindowStateProjectService">
        <state x="356" y="104" width="800" height="715" key="new project wizard" timestamp="1744971003170">
          <screen x="0" y="38" width="1512" height="944" />
        </state>
        <state x="356" y="104" width="800" height="715" key="new project wizard/0.38.1512.944/683.-1055.1920.1055/-1237.-1055.1920.1055" timestamp="1744971003170" />
      </component>
    </defaultProject>
  </component>
</application>