<application>
  <component name="BlockTerminalUsage">
    <option name="blockTerminalUsedLastTimeMillis" value="1747663919227" />
    <option name="blockTerminalUsedLastVersion" value="251.23774.435" />
    <option name="feedbackNotificationShown" value="true" />
    <shellToExecutedCommandsNumber>
      <entry key="zsh" value="426" />
    </shellToExecutedCommandsNumber>
  </component>
  <component name="ReworkedTerminalUsage"><![CDATA[{
  "feedbackNotificationShown": true,
  "enterKeyPressedTimes": 27
}]]></component>
  <component name="TerminalOptionsProvider">
    <option name="terminalEngine" value="REWORKED" />
  </component>
  <component name="TextToCommandPromptsHistory">
    <option name="history">
      <option value="How can I add a file to git?" />
      <option value="./gradlew :shared:compileProductionLibraryKotlinJs" />
      <option value="export BUILD_FLAVOR=prodprod" />
      <option value="./gradlew :shared:compileProductionLibraryKotlinJs -Dorg.gradle.project.buildkonfig.flavor=prod" />
      <option value="gst" />
      <option value="clear" />
    </option>
  </component>
</application>