<application>
  <component name="Trusted.Paths">
    <option name="TRUSTED_PROJECT_PATHS">
      <map>
        <entry key="$USER_HOME$/Desktop/Spotify-Exploration" value="true" />
        <entry key="$APPLICATION_CONFIG_DIR$/light-edit" value="true" />
        <entry key="$APPLICATION_CONFIG_DIR$/thinProject" value="true" />
        <entry key="$USER_HOME$/development/learning/3D-Demo" value="true" />
        <entry key="$USER_HOME$/development/learning/cli-app/basics/AndroidBasics" value="true" />
        <entry key="$USER_HOME$/development/learning/cli-app/cli-test" value="true" />
        <entry key="$USER_HOME$/development/learning/cli-app/kotlin-cli/Kotlin-CLI" value="true" />
        <entry key="$USER_HOME$/development/learning/cli-app/mosaic" value="true" />
        <entry key="$USER_HOME$/development/learning/cli-app/my-cli/gradle-based/cli-app" value="true" />
        <entry key="$USER_HOME$/development/learning/cli-app/my-cli/untitled" value="true" />
        <entry key="$USER_HOME$/development/learning/codecrafters-http-server-kotlin" value="true" />
        <entry key="$USER_HOME$/development/learning/interactive-scene" value="true" />
        <entry key="$USER_HOME$/development/projects/ChronoGuides" value="true" />
        <entry key="$USER_HOME$/development/projects/ChronoGuides-monorepo" value="true" />
        <entry key="$USER_HOME$/development/projects/NutriMate" value="true" />
        <entry key="$USER_HOME$/development/projects/chronoguides-initialtest" value="true" />
        <entry key="$USER_HOME$/development/tapadoo/Herezy/Herezy-android" value="true" />
        <entry key="$USER_HOME$/development/tapadoo/Me2You/me2you-android" value="true" />
        <entry key="$USER_HOME$/development/tapadoo/gaa/gaa-match-tracker-android" value="true" />
        <entry key="$USER_HOME$/development/tapadoo/hertzy/hetrzy-android/Herezy" value="true" />
        <entry key="$USER_HOME$/development/tapadoo/hertzy/hetrzy-android/Hertzy" value="true" />
        <entry key="$USER_HOME$/development/tapadoo/tappstore" value="true" />
        <entry key="$USER_HOME$/development/tapadoo/tappstore/Tappstore-kmp" value="true" />
        <entry key="$USER_HOME$/development/tapadoo/yuno/yuno-android" value="true" />
      </map>
    </option>
  </component>
  <component name="Trusted.Paths.Settings">
    <option name="TRUSTED_PATHS">
      <list>
        <option value="$USER_HOME$/development/projects" />
        <option value="$USER_HOME$/development/learning" />
      </list>
    </option>
  </component>
</application>