<application>
  <component name="DimensionService">
    <location key="find.popup.-546.-2160.3840.2160@192dpi" x="902" y="-1840" />
    <location key="find.popup.0.0.2880.1800@192dpi" x="1086" y="274" />
    <location key="REMOTE_DEVELOPMENT_CONNECTION.0.0.2880.1800@192dpi" x="640" y="246" />
    <location key="find.popup.0.0.3024.1964@192dpi" x="908" y="76" />
    <location key="find.popup.-396.-2160.3840.2160@192dpi" x="758" y="-2110" />
    <location key="find.popup.1430.-2160.3840.2160@192dpi" x="2858" y="-1824" />
    <location key="find.popup.1436.-2160.3840.2160@192dpi" x="2590" y="-2110" />
    <location key="find.popup.1366.-2160.3840.2160@192dpi" x="2520" y="-2110" />
    <size key="GridCell.Tab.0.left.-444.-2160.3840.2160@192dpi" width="3676" height="864" />
    <size key="GridCell.Tab.0.center.-444.-2160.3840.2160@192dpi" width="3676" height="864" />
    <size key="GridCell.Tab.0.right.-444.-2160.3840.2160@192dpi" width="3676" height="864" />
    <size key="GridCell.Tab.0.bottom.-444.-2160.3840.2160@192dpi" width="3676" height="864" />
    <size key="GridCell.Tab.0.left.0.0.2880.1800@192dpi" width="2716" height="814" />
    <size key="GridCell.Tab.0.center.0.0.2880.1800@192dpi" width="2716" height="814" />
    <size key="GridCell.Tab.0.right.0.0.2880.1800@192dpi" width="2716" height="814" />
    <size key="GridCell.Tab.0.bottom.0.0.2880.1800@192dpi" width="2716" height="814" />
    <size key="GridCell.Tab.1.left.0.0.2880.1800@192dpi" width="2716" height="668" />
    <size key="GridCell.Tab.1.center.0.0.2880.1800@192dpi" width="2716" height="668" />
    <size key="GridCell.Tab.1.right.0.0.2880.1800@192dpi" width="2716" height="668" />
    <size key="GridCell.Tab.1.bottom.0.0.2880.1800@192dpi" width="2716" height="668" />
    <size key="GridCell.Tab.1.left.-444.-2160.3840.2160@192dpi" width="3676" height="1002" />
    <size key="GridCell.Tab.1.center.-444.-2160.3840.2160@192dpi" width="3676" height="1002" />
    <size key="GridCell.Tab.1.right.-444.-2160.3840.2160@192dpi" width="3676" height="1002" />
    <size key="GridCell.Tab.1.bottom.-444.-2160.3840.2160@192dpi" width="3676" height="1002" />
    <size key="GridCell.Tab.0.left.-546.-2160.3840.2160@192dpi" width="3676" height="612" />
    <size key="GridCell.Tab.0.center.-546.-2160.3840.2160@192dpi" width="3676" height="612" />
    <size key="GridCell.Tab.0.right.-546.-2160.3840.2160@192dpi" width="3676" height="612" />
    <size key="GridCell.Tab.0.bottom.-546.-2160.3840.2160@192dpi" width="3676" height="612" />
    <size key="find.popup.-546.-2160.3840.2160@192dpi" width="1298" height="1668" />
    <size key="find.popup.0.0.2880.1800@192dpi" width="1790" height="1384" />
    <size key="GridCell.Tab.1.left.-546.-2160.3840.2160@192dpi" width="3676" height="598" />
    <size key="GridCell.Tab.1.center.-546.-2160.3840.2160@192dpi" width="3676" height="598" />
    <size key="GridCell.Tab.1.right.-546.-2160.3840.2160@192dpi" width="3676" height="598" />
    <size key="GridCell.Tab.1.bottom.-546.-2160.3840.2160@192dpi" width="3676" height="598" />
    <size key="REMOTE_DEVELOPMENT_CONNECTION.0.0.2880.1800@192dpi" width="1600" height="1358" />
    <size key="GridCell.Tab.0.left.0.0.3024.1964@192dpi" width="2828" height="1196" />
    <size key="GridCell.Tab.0.center.0.0.3024.1964@192dpi" width="2828" height="1196" />
    <size key="GridCell.Tab.0.right.0.0.3024.1964@192dpi" width="2828" height="1196" />
    <size key="GridCell.Tab.0.bottom.0.0.3024.1964@192dpi" width="2828" height="1196" />
    <size key="GridCell.Tab.0.left.-396.-2160.3840.2160@192dpi" width="3636" height="1424" />
    <size key="GridCell.Tab.0.center.-396.-2160.3840.2160@192dpi" width="3636" height="1424" />
    <size key="GridCell.Tab.0.right.-396.-2160.3840.2160@192dpi" width="3636" height="1424" />
    <size key="GridCell.Tab.0.bottom.-396.-2160.3840.2160@192dpi" width="3636" height="1424" />
    <size key="find.popup.0.0.3024.1964@192dpi" width="1322" height="1112" />
    <size key="find.popup.-396.-2160.3840.2160@192dpi" width="1832" height="2110" />
    <size key="GridCell.Tab.0.left.1430.-2160.3840.2160@192dpi" width="3636" height="600" />
    <size key="GridCell.Tab.0.center.1430.-2160.3840.2160@192dpi" width="3636" height="600" />
    <size key="GridCell.Tab.0.right.1430.-2160.3840.2160@192dpi" width="3636" height="600" />
    <size key="GridCell.Tab.0.bottom.1430.-2160.3840.2160@192dpi" width="3636" height="600" />
    <size key="GridCell.Tab.1.left.1430.-2160.3840.2160@192dpi" width="3636" height="600" />
    <size key="GridCell.Tab.1.center.1430.-2160.3840.2160@192dpi" width="3636" height="600" />
    <size key="GridCell.Tab.1.right.1430.-2160.3840.2160@192dpi" width="3636" height="600" />
    <size key="GridCell.Tab.1.bottom.1430.-2160.3840.2160@192dpi" width="3636" height="600" />
    <size key="find.popup.1430.-2160.3840.2160@192dpi" width="1328" height="1668" />
    <size key="GridCell.Tab.0.left.1436.-2160.3840.2160@192dpi" width="3644" height="1034" />
    <size key="GridCell.Tab.0.center.1436.-2160.3840.2160@192dpi" width="3644" height="1034" />
    <size key="GridCell.Tab.0.right.1436.-2160.3840.2160@192dpi" width="3644" height="1034" />
    <size key="GridCell.Tab.0.bottom.1436.-2160.3840.2160@192dpi" width="3644" height="1034" />
    <size key="GridCell.Tab.1.left.0.0.3024.1964@192dpi" width="3644" height="1196" />
    <size key="GridCell.Tab.1.center.0.0.3024.1964@192dpi" width="3644" height="1196" />
    <size key="GridCell.Tab.1.right.0.0.3024.1964@192dpi" width="3644" height="1196" />
    <size key="GridCell.Tab.1.bottom.0.0.3024.1964@192dpi" width="3644" height="1196" />
    <size key="find.popup.1436.-2160.3840.2160@192dpi" width="2080" height="2110" />
    <size key="GridCell.Tab.1.left.1436.-2160.3840.2160@192dpi" width="3644" height="1216" />
    <size key="GridCell.Tab.1.center.1436.-2160.3840.2160@192dpi" width="3644" height="1216" />
    <size key="GridCell.Tab.1.right.1436.-2160.3840.2160@192dpi" width="3644" height="1216" />
    <size key="GridCell.Tab.1.bottom.1436.-2160.3840.2160@192dpi" width="3644" height="1216" />
    <size key="GridCell.Tab.0.left.1366.-2160.3840.2160@192dpi" width="3644" height="898" />
    <size key="GridCell.Tab.0.center.1366.-2160.3840.2160@192dpi" width="3644" height="898" />
    <size key="GridCell.Tab.0.right.1366.-2160.3840.2160@192dpi" width="3644" height="898" />
    <size key="GridCell.Tab.0.bottom.1366.-2160.3840.2160@192dpi" width="3644" height="898" />
    <size key="find.popup.1366.-2160.3840.2160@192dpi" width="2080" height="2110" />
    <size key="GridCell.Tab.1.left.1366.-2160.3840.2160@192dpi" width="3644" height="1196" />
    <size key="GridCell.Tab.1.center.1366.-2160.3840.2160@192dpi" width="3644" height="1196" />
    <size key="GridCell.Tab.1.right.1366.-2160.3840.2160@192dpi" width="3644" height="1196" />
    <size key="GridCell.Tab.1.bottom.1366.-2160.3840.2160@192dpi" width="3644" height="1196" />
  </component>
  <component name="WindowManager">
    <frame x="-538" y="982" width="1500" height="859" extendedState="6" />
  </component>
  <component name="WindowStateApplicationService">
    <state width="406" height="135" key="ShowUsagesActions.dimensionServiceKey" timestamp="1749053734314">
      <screen x="0" y="38" width="1512" height="944" />
    </state>
    <state width="614" height="135" key="ShowUsagesActions.dimensionServiceKey/0.32.1512.950" timestamp="1742060146455" />
    <state width="642" height="135" key="ShowUsagesActions.dimensionServiceKey/0.38.1512.944" timestamp="1748534461358" />
    <state width="570" height="111" key="ShowUsagesActions.dimensionServiceKey/0.38.1512.944/-1237.-1055.1920.1055/683.-1055.1920.1055" timestamp="1748346105304" />
    <state width="406" height="135" key="ShowUsagesActions.dimensionServiceKey/0.38.1512.944/683.-1055.1920.1055/-1237.-1055.1920.1055" timestamp="1749053734314" />
    <state x="756" y="461" width="800" height="650" key="WELCOME_SCREEN" timestamp="1748363467268">
      <screen x="0" y="38" width="1512" height="944" />
    </state>
    <state x="756" y="461" width="800" height="650" key="WELCOME_SCREEN/0.38.1512.944" timestamp="1743895967797" />
    <state x="756" y="461" width="800" height="650" key="WELCOME_SCREEN/0.38.1512.944/-1237.-1055.1920.1055/683.-1055.1920.1055" timestamp="1743600629748" />
    <state x="756" y="461" width="800" height="650" key="WELCOME_SCREEN/0.38.1512.944/683.-1055.1920.1055/-1237.-1055.1920.1055" timestamp="1748363467268" />
  </component>
</application>