<application>
  <component name="BuildProcessSatisfactionSurveyStore">
    <option name="daysWithGradleBuilds" value="11" />
    <option name="firstKotlinGradleBuildTime" value="1723477298" />
    <option name="lastKotlinGradleBuildTime" value="1726087965" />
    <option name="nextCountedGradleBuild" value="1726154949" />
  </component>
  <component name="KotlinNewUserTracker">
    <option name="firstKtFileOpened" value="1718796726" />
    <option name="lastKtFileOpened" value="1726085162" />
    <option name="newKtUserSince" value="1718796726" />
  </component>
</application>