<application>
  <component name="Trusted.Paths">
    <option name="TRUSTED_PROJECT_PATHS">
      <map>
        <entry key="$APPLICATION_CONFIG_DIR$/thinProject" value="true" />
        <entry key="$USER_HOME$/development/projects/ChronoGuides" value="true" />
        <entry key="$USER_HOME$/development/projects/chronoguides-initialtest" value="true" />
        <entry key="$USER_HOME$/development/tapadoo/tappstore" value="true" />
      </map>
    </option>
  </component>
  <component name="Trusted.Paths.Settings">
    <option name="TRUSTED_PATHS">
      <list>
        <option value="$USER_HOME$/development/projects" />
      </list>
    </option>
  </component>
</application>