<application>
  <component name="DimensionService">
    <location key="find.popup.-546.-2160.3840.2160@192dpi" x="902" y="-1840" />
    <location key="find.popup.0.0.2880.1800@192dpi" x="1086" y="274" />
    <location key="REMOTE_DEVELOPMENT_CONNECTION.0.0.2880.1800@192dpi" x="640" y="246" />
    <size key="GridCell.Tab.0.left.-444.-2160.3840.2160@192dpi" width="3676" height="864" />
    <size key="GridCell.Tab.0.center.-444.-2160.3840.2160@192dpi" width="3676" height="864" />
    <size key="GridCell.Tab.0.right.-444.-2160.3840.2160@192dpi" width="3676" height="864" />
    <size key="GridCell.Tab.0.bottom.-444.-2160.3840.2160@192dpi" width="3676" height="864" />
    <size key="GridCell.Tab.0.left.0.0.2880.1800@192dpi" width="2716" height="814" />
    <size key="GridCell.Tab.0.center.0.0.2880.1800@192dpi" width="2716" height="814" />
    <size key="GridCell.Tab.0.right.0.0.2880.1800@192dpi" width="2716" height="814" />
    <size key="GridCell.Tab.0.bottom.0.0.2880.1800@192dpi" width="2716" height="814" />
    <size key="GridCell.Tab.1.left.0.0.2880.1800@192dpi" width="2716" height="668" />
    <size key="GridCell.Tab.1.center.0.0.2880.1800@192dpi" width="2716" height="668" />
    <size key="GridCell.Tab.1.right.0.0.2880.1800@192dpi" width="2716" height="668" />
    <size key="GridCell.Tab.1.bottom.0.0.2880.1800@192dpi" width="2716" height="668" />
    <size key="GridCell.Tab.1.left.-444.-2160.3840.2160@192dpi" width="3676" height="1002" />
    <size key="GridCell.Tab.1.center.-444.-2160.3840.2160@192dpi" width="3676" height="1002" />
    <size key="GridCell.Tab.1.right.-444.-2160.3840.2160@192dpi" width="3676" height="1002" />
    <size key="GridCell.Tab.1.bottom.-444.-2160.3840.2160@192dpi" width="3676" height="1002" />
    <size key="GridCell.Tab.0.left.-546.-2160.3840.2160@192dpi" width="3676" height="612" />
    <size key="GridCell.Tab.0.center.-546.-2160.3840.2160@192dpi" width="3676" height="612" />
    <size key="GridCell.Tab.0.right.-546.-2160.3840.2160@192dpi" width="3676" height="612" />
    <size key="GridCell.Tab.0.bottom.-546.-2160.3840.2160@192dpi" width="3676" height="612" />
    <size key="find.popup.-546.-2160.3840.2160@192dpi" width="1298" height="1668" />
    <size key="find.popup.0.0.2880.1800@192dpi" width="1790" height="1384" />
    <size key="GridCell.Tab.1.left.-546.-2160.3840.2160@192dpi" width="3676" height="598" />
    <size key="GridCell.Tab.1.center.-546.-2160.3840.2160@192dpi" width="3676" height="598" />
    <size key="GridCell.Tab.1.right.-546.-2160.3840.2160@192dpi" width="3676" height="598" />
    <size key="GridCell.Tab.1.bottom.-546.-2160.3840.2160@192dpi" width="3676" height="598" />
    <size key="REMOTE_DEVELOPMENT_CONNECTION.0.0.2880.1800@192dpi" width="1600" height="1358" />
  </component>
  <component name="WindowManager">
    <frame x="0" y="25" width="1440" height="875" extendedState="6" />
  </component>
  <component name="WindowStateApplicationService">
    <state width="716" height="111" key="ShowUsagesActions.dimensionServiceKey" timestamp="1723048758426">
      <screen x="0" y="25" width="1440" height="875" />
    </state>
    <state width="524" height="423" key="ShowUsagesActions.dimensionServiceKey/0.25.1440.875" timestamp="1719267295014" />
    <state width="630" height="111" key="ShowUsagesActions.dimensionServiceKey/0.25.1440.875/-222.-1055.1920.1055" timestamp="1719247796028" />
    <state width="566" height="111" key="ShowUsagesActions.dimensionServiceKey/0.25.1440.875/-222.-1080.1920.1080" timestamp="1718812439061" />
    <state width="716" height="111" key="ShowUsagesActions.dimensionServiceKey/0.25.1440.875/-273.-1055.1920.1055" timestamp="1723048758426" />
    <state x="720" y="425" width="800" height="650" key="WELCOME_SCREEN" timestamp="1726077865532">
      <screen x="0" y="25" width="1440" height="875" />
    </state>
    <state x="720" y="425" width="800" height="650" key="WELCOME_SCREEN/0.25.1440.875" timestamp="1726077865532" />
    <state x="720" y="425" width="800" height="650" key="WELCOME_SCREEN/0.25.1440.875/-222.-1055.1920.1055" timestamp="1718900214285" />
    <state x="720" y="425" width="800" height="650" key="WELCOME_SCREEN/0.25.1440.875/-273.-1055.1920.1055" timestamp="1723481574734" />
  </component>
</application>