<application>
  <component name="AndroidLogcatFilterHistory">
    <option name="mostRecentlyUsed" value="package:ie.yuno." />
    <option name="nonFavorites">
      <list>
        <option value="package:ie.yuno." />
        <option value="package:ie.yuno.envtest " />
        <option value="package:mine " />
        <option value="package:com.feernandooff.chronoguides " />
        <option value="package:com.feernandooff.chronoguides  " />
        <option value="package:mine  " />
        <option value="package:mine &gt;&gt; " />
        <option value="package:ie.yuno.envtest  " />
        <option value="package:mine &gt;&gt;" />
        <option value="package:mine c2a43358-5374-477c-8bbb-c9ebd1ccebe6" />
        <option value="package:mine   &gt;&gt;" />
        <option value="package:mine   " />
        <option value="package:mine  &gt;&gt; " />
        <option value="package:mine http " />
        <option value="package:mine https " />
        <option value="package:mine hubapi " />
        <option value="package:com.feernandooff.chronoguides &gt;&gt;" />
        <option value="package:com.example.myapplication" />
        <option value="package:" />
        <option value="package:com.payzone.parkingtag.debug  " />
      </list>
    </option>
  </component>
</application>