<application>
  <component name="BitRates">
    <option name="bitRateTrackers">
      <map>
        <entry key="samsung|SM-A155F|arm64-v8a|34">
          <value>
            <BitRateTracker>
              <candidates>
                <CandidateBitRate>
                  <option name="bitRate" value="5000000" />
                  <option name="score" value="174" />
                </CandidateBitRate>
              </candidates>
            </BitRateTracker>
          </value>
        </entry>
      </map>
    </option>
  </component>
</application>