<application>
  <component name="BuildProcessSatisfactionSurveyStore">
    <option name="daysWithGradleBuilds" value="22" />
    <option name="firstKotlinGradleBuildTime" value="1723477298" />
    <option name="lastKotlinGradleBuildTime" value="1741954038" />
    <option name="nextCountedGradleBuild" value="1742039801" />
  </component>
  <component name="KotlinNewUserTracker">
    <option name="firstKtFileOpened" value="1718796726" />
    <option name="lastKtFileOpened" value="1741954049" />
    <option name="newKtUserSince" value="1718796726" />
  </component>
</application>