<application>
  <component name="StudioBotSettings">
    <option name="acceptedTermsVersion" value="3" />
    <option name="contextSharingModeV2" value="AskPerProject" />
    <option name="onboardedVersion" value="3" />
    <option name="queryHistory">
      <list>
        <historyEntry timestamp="1737971274675">I'm doing a SQLDelight migration, how can I alter the table only if it exists?
ALTER TABLE orderEntity ADD COLUMN prepaidAmount REAL DEFAULT NULL;</historyEntry>
        <historyEntry timestamp="1736960948535">Explain: FATAL EXCEPTION: main
Process: ie.yuno.envtest, PID: 22334
java.lang.IllegalStateException: Can't access the Fragment View's LifecycleOwner for UsageFragment{606a1fc} (33132292-5c9b-4692-8558-43133478315d) when getView() is null i.e., before onCreateView() or after onDestroyView()
at androidx.fragment.app.Fragment.getViewLifecycleOwner(Fragment.java:385)
at ie.yuno.core.ui.views.util.FragmentViewBindingDelegate.getValue(FragmentViewBindingDelegate.kt:48) with tag AndroidRuntime</historyEntry>
        <historyEntry timestamp="1736954566321">Explain: java.lang.reflect.InvocationTargetException
at java.lang.reflect.Constructor.newInstance0(Native Method)
at java.lang.reflect.Constructor.newInstance(Constructor.java:343)
at android.view.LayoutInflater.createView(LayoutInflater.java:882)
at android.view.LayoutInflater.createViewFromTag(LayoutInflater.java:1034) with tag AndroidRuntime</historyEntry>
        <historyEntry timestamp="1736954458221">Explain: java.lang.NoSuchMethodException: ie.yuno.feature.usage.charts.YunoUsageChart.&lt;init&gt; [class android.content.Context, interface android.util.AttributeSet]
at java.lang.Class.getConstructor0(Class.java:3325)
at java.lang.Class.getConstructor(Class.java:2485)
at android.view.LayoutInflater.createView(LayoutInflater.java:852)
at android.view.LayoutInflater.createViewFromTag(LayoutInflater.java:1034) with tag AndroidRuntime</historyEntry>
        <historyEntry timestamp="1736780581320">Explain this exception from my app running on vivo V2222 with Android version 14:
Exception:
```
Thread: main
	#00 pc 0x059440 libc.so  (syscall + 32)
	#01 pc 0x22A220 libart.so  (art::ConditionVariable::WaitHoldingLocks + 136)
	#02 pc 0x74E244 libart.so  (art::JNI&lt;false&gt;::CallObjectMethodV + 1216)
	#03 pc 0x0E2994 libandroid_runtime.so  (_JNIEnv::CallObjectMethod + 124)
	#04 pc 0x14FD20 libandroid_runtime.so  (android::NativeDisplayEventReceiver::dispatchVsync + 68)
	#05 pc 0x0DBBB4 libgui.so  (android::DisplayEventDispatcher::handleEvent + 280)
	#06 pc 0x018B6C libutils.so  (android::Looper::pollInner + 1252)
	#07 pc 0x018624 libutils.so  (android::Looper::pollOnce + 124)
	#08 pc 0x18CBA4 libandroid_runtime.so  (android::android_os_MessageQueue_nativePollOnce + 48)
	android.os.MessageQueue.nativePollOnce(Native method:0)
	android.os.MessageQueue.next(MessageQueue.java:339)
	android.os.Looper.loopOnce(Looper.java:176)
	android.os.Looper.loop(Looper.java:328)
	android.app.ActivityThread.main(ActivityThread.java:9196)
	java.lang.reflect.Method.invoke(Native method:0)
	com.android.internal.os.RuntimeInit$MethodAndArgsCaller.run(RuntimeInit.java:594)
	com.android.internal.os.ZygoteInit.main(ZygoteInit.java:1099)
```</historyEntry>
        <historyEntry timestamp="1734710499357">Can you a tooltip fo the following button it should have a title, a body and should have an arrow connected to the button.
OutlinedButton(
    modifier = Modifier.weight(1f, fill = false),
    border = BorderStroke(1.dp, MaterialTheme.colorScheme.primary.copy(alpha = 0.4f)),
    contentPadding = PaddingValues(horizontal = 12.dp, vertical = 0.dp),
    onClick = { expandedBottomSheet = true }
) {
    Text(
        getRemoteConfigText(
            R.string.remote_config_button_estimatednextpayment_moreinfo,
            &quot;More Info&quot;
        ),
        style = MaterialTheme.typography.labelMedium.copy(
            fontFamily = WixMadeForDisplay,
            fontWeight = FontWeight.SemiBold,
            color = MaterialTheme.colorScheme.primary
        ),
        maxLines = 2,
        softWrap = true,
        textAlign = TextAlign.Center
    )
}</historyEntry>
        <historyEntry timestamp="1734611433216">How can I use compose modifier to rotate 180 an arrow icon everytime a boolean is updated?</historyEntry>
        <historyEntry timestamp="1734602683379">How can I do a when expression to check if a double is more that 0 less thatn 0 or equal</historyEntry>
        <historyEntry timestamp="1734602660412">Change to dark mode in Android Studio</historyEntry>
      </list>
    </option>
  </component>
</application>