<application>
  <component name="Trusted.Paths">
    <option name="TRUSTED_PROJECT_PATHS">
      <map>
        <entry key="$USER_HOME$/development/learning/android-basics" value="true" />
        <entry key="$USER_HOME$/development/projects/ChronoGuides-monorepo" value="true" />
        <entry key="$USER_HOME$/development/tapadoo/calor-direct/calor-direct-android" value="true" />
        <entry key="$USER_HOME$/development/tapadoo/crazam/crazam_android" value="true" />
        <entry key="$USER_HOME$/development/tapadoo/yuno/sprint-29" value="true" />
        <entry key="$USER_HOME$/development/tapadoo/yuno/yuno-android" value="true" />
      </map>
    </option>
  </component>
</application>