<application>
  <component name="UpdatesConfigurable">
    <option name="LAST_BUILD_CHECKED" value="AI-243.24978.46.2432.13174079" />
    <option name="LAST_TIME_CHECKED" value="1741954051919" />
    <option name="OBSOLETE_CUSTOM_REPOSITORIES_CLEAN_NEEDED" value="false" />
    <pluginHosts>
      <item value="https://plugins.jetbrains.com/plugins/eap/ideavim" />
    </pluginHosts>
    <option name="THIRD_PARTY_PLUGINS_ALLOWED" value="true" />
    <option name="UPDATE_CHANNEL_TYPE" value="eap" />
    <option name="WHATS_NEW_SHOWN_FOR" value="242" />
  </component>
</application>