<application>
  <component name="DimensionService">
    <location key="WELCOME_SCREEN.0.0.3024.1964@192dpi" x="1512" y="678" />
    <location key="find.popup.0.0.3024.1964@192dpi" x="1018" y="296" />
    <location key="find.popup.-2404.-2160.3840.2160@192dpi" x="-1084" y="-1866" />
    <location key="find.popup.1436.-2160.3840.2160@192dpi" x="2756" y="-1866" />
    <location key="find.popup.1366.-2160.3840.2160@192dpi" x="2686" y="-1866" />
    <size key="GridCell.Tab.0.right.1436.-2160.3840.2160@192dpi" width="3644" height="1090" />
    <size key="GridCell.Tab.0.left.1436.-2160.3840.2160@192dpi" width="3644" height="1090" />
    <size key="GridCell.Tab.0.center.1436.-2160.3840.2160@192dpi" width="3644" height="1090" />
    <size key="GridCell.Tab.0.bottom.1436.-2160.3840.2160@192dpi" width="3644" height="1090" />
    <size key="GridCell.Tab.1.left.1436.-2160.3840.2160@192dpi" width="3644" height="1090" />
    <size key="GridCell.Tab.1.center.1436.-2160.3840.2160@192dpi" width="3644" height="1090" />
    <size key="GridCell.Tab.1.right.1436.-2160.3840.2160@192dpi" width="3644" height="1090" />
    <size key="GridCell.Tab.1.bottom.1436.-2160.3840.2160@192dpi" width="3644" height="1090" />
    <size key="find.popup.0.0.3024.1964@192dpi" width="1320" height="1668" />
    <size key="find.popup.-2404.-2160.3840.2160@192dpi" width="1656" height="1866" />
    <size key="GridCell.Tab.0.right.-2404.-2160.3840.2160@192dpi" width="3644" height="1128" />
    <size key="GridCell.Tab.0.left.-2404.-2160.3840.2160@192dpi" width="3644" height="1128" />
    <size key="GridCell.Tab.0.center.-2404.-2160.3840.2160@192dpi" width="3644" height="1128" />
    <size key="GridCell.Tab.0.bottom.-2404.-2160.3840.2160@192dpi" width="3644" height="1128" />
    <size key="GridCell.Tab.1.left.-2404.-2160.3840.2160@192dpi" width="3644" height="1128" />
    <size key="GridCell.Tab.1.center.-2404.-2160.3840.2160@192dpi" width="3644" height="1128" />
    <size key="GridCell.Tab.1.right.-2404.-2160.3840.2160@192dpi" width="3644" height="1128" />
    <size key="GridCell.Tab.1.bottom.-2404.-2160.3840.2160@192dpi" width="3644" height="1128" />
    <size key="find.popup.1436.-2160.3840.2160@192dpi" width="2000" height="1866" />
    <size key="GridCell.Tab.0.left.0.0.3024.1964@192dpi" width="3644" height="1090" />
    <size key="GridCell.Tab.0.center.0.0.3024.1964@192dpi" width="3644" height="1090" />
    <size key="GridCell.Tab.0.right.0.0.3024.1964@192dpi" width="3644" height="1090" />
    <size key="GridCell.Tab.0.bottom.0.0.3024.1964@192dpi" width="3644" height="1090" />
    <size key="GridCell.Tab.1.left.0.0.3024.1964@192dpi" width="3644" height="1090" />
    <size key="GridCell.Tab.1.center.0.0.3024.1964@192dpi" width="3644" height="1090" />
    <size key="GridCell.Tab.1.right.0.0.3024.1964@192dpi" width="3644" height="1090" />
    <size key="GridCell.Tab.1.bottom.0.0.3024.1964@192dpi" width="3644" height="1090" />
    <size key="GridCell.Tab.0.right.1366.-2160.3840.2160@192dpi" width="3644" height="1090" />
    <size key="GridCell.Tab.0.left.1366.-2160.3840.2160@192dpi" width="3644" height="1090" />
    <size key="GridCell.Tab.0.center.1366.-2160.3840.2160@192dpi" width="3644" height="1090" />
    <size key="GridCell.Tab.0.bottom.1366.-2160.3840.2160@192dpi" width="3644" height="1090" />
    <size key="GridCell.Tab.1.left.1366.-2160.3840.2160@192dpi" width="3644" height="1090" />
    <size key="GridCell.Tab.1.center.1366.-2160.3840.2160@192dpi" width="3644" height="1090" />
    <size key="GridCell.Tab.1.right.1366.-2160.3840.2160@192dpi" width="3644" height="1090" />
    <size key="GridCell.Tab.1.bottom.1366.-2160.3840.2160@192dpi" width="3644" height="1090" />
    <size key="find.popup.1366.-2160.3840.2160@192dpi" width="1304" height="1112" />
  </component>
  <component name="WindowManager">
    <frame x="691" y="-1047" width="1904" height="1039" />
  </component>
  <component name="WindowStateApplicationService">
    <state width="682" height="751" key="ShowUsagesActions.dimensionServiceKey" timestamp="1741947800151">
      <screen x="0" y="38" width="1512" height="944" />
    </state>
    <state width="655" height="451" key="ShowUsagesActions.dimensionServiceKey/0.38.1512.944" timestamp="1741873224533" />
    <state width="592" height="751" key="ShowUsagesActions.dimensionServiceKey/0.38.1512.944/-1202.-1055.1920.1055/718.-1055.1920.1055" timestamp="1740677213975" />
    <state width="682" height="751" key="ShowUsagesActions.dimensionServiceKey/0.38.1512.944/-1237.-1055.1920.1055/683.-1055.1920.1055" timestamp="1741947800151" />
    <state width="701" height="751" key="ShowUsagesActions.dimensionServiceKey/0.38.1512.944/718.-1055.1920.1055/-1202.-1055.1920.1055" timestamp="1741023611586" />
    <state x="756" y="461" width="800" height="650" key="WELCOME_SCREEN" timestamp="1741791271592">
      <screen x="0" y="38" width="1512" height="944" />
    </state>
    <state x="756" y="461" width="800" height="650" key="WELCOME_SCREEN/0.38.1512.944" timestamp="1741789316962" />
    <state x="756" y="339" key="WELCOME_SCREEN/0.38.1512.944/-1202.-1055.1920.1055/718.-1055.1920.1055" timestamp="1738150324995" />
    <state x="756" y="461" width="800" height="650" key="WELCOME_SCREEN/0.38.1512.944/-243.-1055.1920.1055" timestamp="1741791271592" />
    <state width="300" height="524" key="manage.recent.projects.popup" timestamp="1740485334466">
      <screen x="0" y="38" width="1512" height="944" />
    </state>
    <state width="300" height="524" key="manage.recent.projects.popup/0.38.1512.944/718.-1055.1920.1055/-1202.-1055.1920.1055" timestamp="1740485334466" />
  </component>
</application>