<keymap version="1" name="macOS copy" parent="Mac OS X 10.5+">
  <action id="ActivateTerminalToolWindow">
    <keyboard-shortcut first-keystroke="meta back_quote" />
  </action>
  <action id="FileChooser.TogglePathBar" />
  <action id="GotoFile">
    <keyboard-shortcut first-keystroke="shift meta o" />
    <keyboard-shortcut first-keystroke="meta p" />
  </action>
  <action id="HideAllWindows">
    <keyboard-shortcut first-keystroke="meta y" />
  </action>
  <action id="NextWindow" />
  <action id="ParameterInfo" />
  <action id="QuickChangeScheme" />
  <action id="QuickImplementations">
    <keyboard-shortcut first-keystroke="alt space" />
  </action>
  <action id="SearchEverywhere">
    <keyboard-shortcut first-keystroke="shift meta p" />
  </action>
</keymap>