<keymap version="1" name="Custom Keybindings Obsidian" parent="VSCode OSX">
  <action id="AceAction">
    <keyboard-shortcut first-keystroke="meta j" />
  </action>
  <action id="ActivateCommitToolWindow">
    <keyboard-shortcut first-keystroke="shift meta l" />
  </action>
  <action id="ActivateProjectToolWindow">
    <keyboard-shortcut first-keystroke="shift meta r" />
  </action>
  <action id="ActivateTerminalToolWindow">
    <keyboard-shortcut first-keystroke="meta back_quote" />
  </action>
  <action id="CollapseAllRegions">
    <keyboard-shortcut first-keystroke="shift meta period" />
  </action>
  <action id="CollapseRegion" />
  <action id="CollapseSelection" />
  <action id="ExpandAllRegions">
    <keyboard-shortcut first-keystroke="meta k" second-keystroke="meta j" />
    <keyboard-shortcut first-keystroke="shift meta comma" />
  </action>
  <action id="ExpandCollapseToggleAction">
    <keyboard-shortcut first-keystroke="meta period" />
  </action>
  <action id="ExpandRegion" />
  <action id="HideActiveWindow" />
  <action id="NextWindow" />
  <action id="ProblemsView.QuickFixes">
    <keyboard-shortcut first-keystroke="alt enter" />
  </action>
  <action id="SelectAllOccurrences">
    <keyboard-shortcut first-keystroke="meta f2" />
    <keyboard-shortcut first-keystroke="ctrl meta g" />
  </action>
  <action id="ShowIntentionActions">
    <keyboard-shortcut first-keystroke="alt enter" />
  </action>
</keymap>